Year,Series,Value
2010,Legislation or Regulation or Act related to the prevention of introduction and management of Invasive Alien Species,1
2016,Legislation or Regulation or Act related to the prevention of introduction and management of Invasive Alien Species,1
2020,Legislation or Regulation or Act related to the prevention of introduction and management of Invasive Alien Species,1
2022,Legislation or Regulation or Act related to the prevention of introduction and management of Invasive Alien Species,1
2016,National Biodiversity Strategy and Action Plan (NBSAP) targets alignment to Aichi Biodiversity target 9 set out in the Strategic Plan for Biodiversity 2011-2020,1
2020,National Biodiversity Strategy and Action Plan (NBSAP) targets alignment to Aichi Biodiversity target 9 set out in the Strategic Plan for Biodiversity 2011-2020,1
2022,National Biodiversity Strategy and Action Plan (NBSAP) targets alignment to Aichi Biodiversity target 9 set out in the Strategic Plan for Biodiversity 2011-2020,1
